{
  "hash": "47fd3198",
  "configHash": "876a24b6",
  "lockfileHash": "e46837b3",
  "browserHash": "47a0d7c3",
  "optimized": {
    "@angular/core": {
      "src": "../../../../../node_modules/@angular/core/fesm2022/core.mjs",
      "file": "@angular_core.js",
      "fileHash": "5b479d9d",
      "needsInterop": false
    },
    "@angular/platform-browser": {
      "src": "../../../../../node_modules/@angular/platform-browser/fesm2022/platform-browser.mjs",
      "file": "@angular_platform-browser.js",
      "fileHash": "166c8f69",
      "needsInterop": false
    },
    "@angular/router": {
      "src": "../../../../../node_modules/@angular/router/fesm2022/router.mjs",
      "file": "@angular_router.js",
      "fileHash": "69d6cb88",
      "needsInterop": false
    }
  },
  "chunks": {
    "chunk-23CAL2VN": {
      "file": "chunk-23CAL2VN.js"
    },
    "chunk-2E4JFRG6": {
      "file": "chunk-2E4JFRG6.js"
    }
  }
}